source,word,V,A
민경환,가뜬하다,0.51,-0.2
민경환,가련하다,-0.89,-0.83
민경환,가소롭다,-1.52,-0.09
민경환,가엾다,-1,-0.67
민경환,가증스럽다,-2.12,1.08
민경환,가책,-1.45,0.21
민경환,갈등하다,-1.41,0.82
민경환,감개,0.96,0.24
민경환,감개무량하다,0.97,0.83
민경환,감격하다,1.43,1.19
민경환,감동하다,1.45,0.47
민경환,감명,1.28,0.01
민경환,감미롭다,1.54,-0.07
민경환,감복하다,0.63,0.59
민경환,감탄하다,1.11,1.03
민경환,감흥,0.59,0.21
민경환,감회,0.67,-0.02
민경환,개탄하다,-1.67,1.18
민경환,거부감,-2.02,0.54
민경환,거북하다,-1.42,0.14
민경환,걱정하다,-1.06,-0.06
민경환,겁나다,-1.39,1.56
민경환,격노하다,-2.02,1.89
민경환,격동되다,0.11,1.92
민경환,격분하다,-1.89,1.82
민경환,격앙하다,-1.67,1.58
민경환,격정,-0.43,1.6
민경환,격하다,-1.3,1.41
민경환,겸연쩍다,-0.96,-0.54
민경환,경멸하다,-2.26,1.59
민경환,경악하다,-1.85,2.03
민경환,경애하다,0.9,0.06
민경환,경외하다,0.34,-0.17
민경환,경쾌하다,1.85,1.28
민경환,꺼림직하다,-1.55,-0.24
민경환,께름직하다,-1.61,-0.4
민경환,끔찍하다,-1.87,1.45
민경환,낙,1.39,0.08
민경환,낙담하다,-1.99,-0.77
민경환,낙망하다,-2.07,-0.95
민경환,낙심하다,-1.83,-0.8
민경환,남부끄럽다,-1.34,0.39
민경환,남부럽다,-0.63,-0.11
민경환,낭패스럽다,-1.49,0.62
민경환,낯간지럽다,-0.64,0.55
민경환,낯뜨겁다,-1.12,1.31
민경환,노기,-1.54,0.8
민경환,노발대발,-1.9,2.37
민경환,노심초사하다,-1.61,0.99
민경환,노엽다,-1.52,1.32
민경환,노파심,-0.95,0.4
민경환,경탄하다,-0.01,1.35
민경환,고깝다,-1.58,0.18
민경환,고뇌하다,-1.29,-0.28
민경환,고독하다,-1.62,-1.53
민경환,고립감,-1.92,-0.72
민경환,고맙다,1.5,-0.23
민경환,고무되다,0.73,0.16
민경환,고민하다,-1.25,-0.71
민경환,고적하다,-0.76,-1.46
민경환,곤혹스럽다,-1.74,1.28
민경환,골나다,-1.75,1.25
민경환,공감하다,1.07,-0.26
민경환,공포,-1.68,2.02
민경환,공허하다,-1.27,-1.45
민경환,괘씸하다,-1.89,1.1
민경환,괴롭다,-2.07,-0.15
민경환,교감하다,1.43,0.41
민경환,구슬프다,-1.2,-0.26
민경환,굴욕,-2.23,1.28
민경환,권태롭다,-1.33,-1.19
민경환,귀찮다,-1.42,-0.37
민경환,그립다,0.37,-0.82
민경환,근심걱정,-1.64,0.37
민경환,근심하다,-1.64,-0.02
민경환,긍지,1.74,-0.15
민경환,기겁하다,-1.26,1.67
민경환,기고만장하다,-0.5,1.52
민경환,기껍다,-0.63,-0.21
민경환,기막히다,-1.33,0.72
민경환,기쁘다,1.94,1.56
민경환,기절초풍하다,-1.36,1.76
민경환,기죽다,-1.49,-1.06
민경환,긴장하다,-0.76,0.99
민경환,꺼리다,-1.42,0.04
민경환,떠름하다,-1.41,-0.39
민경환,떨떠름하다,-1.33,-0.98
민경환,떫다,-1.52,0.12
민경환,떳떳하다,1.4,0.15
민경환,뜨끔하다,-1.08,0.76
민경환,뜨악하다,-1.41,1.46
민경환,마땅찮다,-1.54,0.07
민경환,막막하다,-1.56,-0.48
민경환,만족하다,1.64,-0.02
민경환,맘놓다,0.98,-1.72
민경환,망설이다,-1.03,-0.19
민경환,망연자실하다,-1.84,-0.17
민경환,망연하다,-1.33,-0.68
민경환,매료되다,1.25,0.69
민경환,매혹,0.84,0.59
민경환,맥빠지다,-1.5,-1.83
민경환,머쓱하다,-0.83,-0.71
민경환,노하다,-1.84,1.76
민경환,놀라다,0.12,1.67
민경환,놀랍다,0.35,1.61
민경환,눈물겹다,-0.82,0.02
민경환,뉘우치다,-0.3,-0.43
민경환,달가워하다,0.63,-0.01
민경환,담담하다,-0.47,-1.3
민경환,답답하다,-1.8,-0.36
민경환,당혹하다,-1.06,0.9
민경환,당황하다,-0.93,0.83
민경환,덤덤하다,-0.24,-1.41
민경환,도취하다,1.1,0.94
민경환,동감하다,1.33,0.19
민경환,동경하다,0.81,-0.27
민경환,동병상련,-0.15,-0.26
민경환,동요하다,-0.58,0.42
민경환,동정하다,-0.55,-0.78
민경환,두렵다,-1.57,1.32
민경환,들뜨다,0.98,1.24
민경환,따분하다,-1.23,-1.41
민경환,딱하다,-1.01,-0.02
민경환,번뇌하다,-1.17,-0.32
민경환,번민하다,-1.52,-0.53
민경환,보람차다,1.69,0.66
민경환,부끄럽다,-1.18,0.68
민경환,부럽다,0,0.37
민경환,부아,-1.72,0.88
민경환,분개하다,-1.78,1.63
민경환,분노하다,-2.16,2.17
민경환,분통,-2.07,1.51
민경환,분하다,-1.78,1.41
민경환,불만,-1.53,0.93
민경환,불만족하다,-1.62,-0.01
민경환,불쌍하다,-1.03,-0.67
민경환,불안하다,-1.49,0.88
민경환,불쾌하다,-1.87,1.46
민경환,불편하다,-1.47,0.45
민경환,불행하다,-1.84,0.19
민경환,비련,-1.25,-0.42
민경환,비분강개하다,-1.2,1.67
민경환,비애,-1.29,0.41
민경환,비장하다,-0.64,1.22
민경환,비참하다,-2.09,0.39
민경환,비탄하다,-1.88,1.03
민경환,비통하다,-2.2,1.1
민경환,뼈아프다,-1.76,1.16
민경환,뾰로통하다,-1.29,-0.25
민경환,뿌듯하다,1.75,0.63
민경환,사랑스럽다,2.09,0.52
민경환,사모하다,1.11,0.38
민경환,사무치다,-1.51,0.81
민경환,살맛나다,1.75,1.16
민경환,멋쩍다,-0.62,-0.45
민경환,모멸,-2.66,1.62
민경환,무감동하다,-0.83,-1.88
민경환,무덤덤하다,-0.43,-1.38
민경환,무력감,-1.81,-1.89
민경환,무료하다,-1.11,-1.77
민경환,무색하다,-1.02,-1.21
민경환,무섭다,-1.42,1.39
민경환,무시무시하다,-1.46,1.16
민경환,무안하다,-1.09,-0.31
민경환,뭉클하다,0.48,0.15
민경환,미안하다,-1.09,0.01
민경환,민망하다,-1.15,0.39
민경환,밉다,-1.75,1.04
민경환,박진감,0.94,1.41
민경환,반감,-1.83,1.48
민경환,반갑다,1.91,1.29
민경환,반하다,0.94,0.63
민경환,반항심,-1.42,1.45
민경환,발끈하다,-1.43,1.54
민경환,배신감,-2.27,1.72
민경환,서러워하다,-1.59,0.05
민경환,서럽다,-1.49,0.32
민경환,서먹하다,-1.33,-0.39
민경환,서운하다,-1.16,-0.82
민경환,선뜩하다,-1.11,0.69
민경환,선호하다,0.83,0.38
민경환,설레다,1.21,1.26
민경환,설워하다,-1.43,0.04
민경환,섬뜩하다,-1.83,1.42
민경환,섭섭하다,-1.53,-0.17
민경환,성나다,-1.67,2.1
민경환,성내다,-1.25,1.86
민경환,성취감,1.84,1.5
민경환,소름끼치다,-1.65,1.85
민경환,소외감,-1.84,-1
민경환,속상하다,-1.68,0.48
민경환,속시원하다,1.43,0.15
민경환,속타다,-1.5,0.92
민경환,송구하다,-0.94,-0.34
민경환,송연하다,-0.68,-0.93
민경환,수심,-1.41,-0.59
민경환,수치,-1.84,0.76
민경환,숙연하다,-0.4,-1.06
민경환,순정,1.01,-0.72
민경환,스산하다,-1.15,-0.28
민경환,슬프다,-1.31,-0.56
민경환,시기하다,-1.47,0.61
민경환,시름겹다,-1.6,-0.83
민경환,시무룩하다,-1.3,-1.37
민경환,시원섭섭하다,-0.11,-0.39
민경환,시큰둥하다,-1.12,-0.85
민경환,상실감,-1.71,-0.85
민경환,상심하다,-1.72,-0.48
민경환,상쾌하다,1.99,1.16
민경환,상큼하다,1.61,0.32
민경환,샐쭉하다,-1.17,-0.63
민경환,샘내다,-1.25,0.98
민경환,서글프다,-1.67,-0.19
민경환,실의,-1.69,-0.4
민경환,싫다,-1.76,0.76
민경환,싫증나다,-1.55,-0.06
민경환,심드렁하다,-1.2,-0.68
민경환,심란하다,-1.41,0.01
민경환,심려하다,-1.24,-0.24
민경환,심심하다,-0.69,-1.34
민경환,심통,-0.58,0.67
민경환,싱숭생숭하다,-0.91,-0.63
민경환,쑥스럽다,-0.56,-0.44
민경환,쓸쓸하다,-1.46,-1.2
민경환,씁쓸하다,-1.36,-0.92
민경환,아니꼽다,-1.79,0.28
민경환,아련하다,0.03,-0.89
민경환,아리다,-0.64,-0.28
민경환,아쉽다,-0.93,-0.44
민경환,아슬아슬하다,-0.69,1.2
민경환,아연실색하다,-1.35,0.75
민경환,아연하다,-1.1,-0.76
민경환,아찔하다,-1.49,1.61
민경환,안달복달하다,-1.25,1.61
민경환,안달하다,-1.48,0.93
민경환,안도하다,0.78,-1.99
민경환,안락하다,1.41,-2.1
민경환,안심,1,-1.61
민경환,안쓰럽다,-1.03,-0.66
민경환,안정되다,1.11,-1.69
민경환,안타깝다,-1.05,-0.48
민경환,암담하다,-2.21,-0.67
민경환,암울하다,-2.02,-0.69
민경환,애,0.63,-0.01
민경환,애끓다,-1.06,1.33
민경환,애달프다,-1.05,0.02
민경환,애닯다,-0.86,-0.12
민경환,애도하다,-1.04,-0.68
민경환,애련,-0.51,0.01
민경환,애석하다,-1.33,-0.22
민경환,애수,-0.07,-0.31
민경환,울분,-1.63,1.74
민경환,울적하다,-1.44,-1.37
민경환,울화,-2.13,1.51
민경환,울화통,-2.71,1.93
민경환,원망하다,-2.14,0.63
민경환,원통하다,-2.15,1.22
민경환,원한,-2.13,1.61
민경환,식상하다,-1.02,-0.89
민경환,신경질,-1.91,1.51
민경환,신나다,1.96,1.89
민경환,신명나다,1.61,1.36
민경환,신물나다,-1.8,-0.07
민경환,신바람나다,1.72,1.7
민경환,실망하다,-1.81,-0.7
민경환,애잔하다,-0.56,-0.98
민경환,애정,1.33,0.32
민경환,애증,-1.28,-0.06
민경환,애지중지하다,0.82,0.44
민경환,애착,0.21,0.54
민경환,애처롭다,-0.99,-0.34
민경환,애타다,-1.55,1.07
민경환,애통하다,-1.93,0.83
민경환,애틋하다,0.41,0.16
민경환,애환,-1.01,-0.19
민경환,야속하다,-1.64,0.56
민경환,약오르다,-1.38,1.01
민경환,얄밉다,-1.72,0.99
민경환,어이없다,-1.11,-0.18
민경환,어처구니없다,-1.31,0.05
민경환,억울하다,-2.1,0.41
민경환,언짢다,-1.5,0.13
민경환,여한,-0.85,-0.37
민경환,역겹다,-2.33,1.13
민경환,역정,-0.98,1.18
민경환,연모하다,0.45,0.07
민경환,연민,-0.14,-0.66
민경환,연연하다,-1,-0.52
민경환,연정,0.92,-0.37
민경환,열광하다,1.52,2.66
민경환,열등감,-2.14,0.86
민경환,열애,1.07,1.73
민경환,열정,1.51,1.74
민경환,염려하다,-1.24,-0.05
민경환,영광스럽다,1.99,1.2
민경환,영예롭다,1.26,0.62
민경환,온정,1.11,-0.91
민경환,외롭다,-1.72,-1.24
민경환,우려하다,-1.41,-0.05
민경환,우수,0.28,-0.62
민경환,우습다,-0.28,0.44
민경환,우울하다,-1.51,-1.2
민경환,우쭐하다,-0.54,0.27
민경환,정답다,1.32,-0.03
민경환,정욕,-0.28,1.91
민경환,정한,-0.65,-0.21
민경환,조마조마하다,-1.04,1.28
민경환,조바심,-1.2,1.21
민경환,좋다,1.54,1.13
민경환,좌절하다,-2.13,-0.3
민경환,위압감,-1.68,0.98
민경환,위축감,-1.45,-0.33
민경환,위화감,-1.35,0.56
민경환,유감,-1.28,0.16
민경환,유쾌하다,1.58,1.37
민경환,음울하다,-1.93,-0.92
민경환,의기소침하다,-1.49,-1.21
민경환,의기양양하다,0.92,1.24
민경환,의분,-0.62,0.39
민경환,의심,-1.67,0.3
민경환,의아하다,-0.7,0.1
민경환,의혹,-1.28,0.51
민경환,이뻐하다,1.42,0.29
민경환,자괴,-1.73,-0.18
민경환,자긍,1.37,0.48
민경환,자기혐오,-2.11,0.8
민경환,자랑스럽다,1.72,0.98
민경환,자만심,-1.33,0.75
민경환,자부하다,1.02,0.02
민경환,자신만만하다,1.28,1.32
민경환,자족하다,1.11,-0.11
민경환,자책하다,-1.76,0.2
민경환,재미있다,1.72,0.79
민경환,적의,-2,0.88
민경환,적적하다,-1.06,-0.65
민경환,전전긍긍,-1.3,0.39
민경환,절망하다,-2.09,-0.14
민경환,절박감,-1.73,1.28
민경환,절절하다,-1.31,0.15
민경환,정감,1.56,-0.56
민경환,정겹다,1.56,0.02
민경환,측은하다,-0.93,-0.6
민경환,치떨리다,-2.2,1.62
민경환,치욕스랍다,-2.4,1.85
민경환,친애하다,0.96,0.04
민경환,침울하다,-1.97,-1.15
민경환,침통하다,-2.03,0.41
민경환,켕기다,-1.41,0.49
민경환,코웃음,-1.14,-0.08
민경환,쾌감,1.79,1.91
민경환,태평스럽다,0.55,-1.55
민경환,토라지다,-1.3,0.36
민경환,통분,-1.48,1.51
민경환,통쾌하다,1.79,1.71
민경환,통탄하다,-2.17,1.36
민경환,통한,-1.84,0.94
민경환,패배감,-2.37,0.2
민경환,편안하다,1.4,-1.67
민경환,편하다,1.54,-1.3
민경환,평안하다,1.63,-1.94
민경환,평온하다,1.46,-1.54
민경환,평화롭다,1.62,-1.76
민경환,풀죽다,-1.5,-1.31
민경환,한,-1.65,0.67
민경환,한맺히다,-2.4,1.09
민경환,한스럽다,-1.73,0.13
민경환,한탄하다,-1.98,1.06
민경환,행복하다,2.16,0.7
민경환,향수,0.99,-1.44
민경환,허망하다,-1.89,-1.13
민경환,허무하다,-1.72,-1.08
민경환,허전하다,-1.09,-1.47
민경환,죄송스럽다,-1.32,-0.11
민경환,죄스럽다,-1.8,-0.06
민경환,죄의식,-1.97,0.12
민경환,죄책감,-1.87,0.07
민경환,주눅들다,-1.7,-1.21
민경환,즐겁다,1.89,1.54
민경환,즐기다,1.57,1.14
민경환,증오하다,-2.25,1.85
민경환,지겹다,-1.49,-0.8
민경환,지긋지긋하다,-1.9,0.05
민경환,지루하다,-1.36,-1.86
민경환,지리하다,-1.09,-0.93
민경환,진노하다,-2.03,1.36
민경환,진저리나다,-1.93,0.67
민경환,질겁하다,-1.55,1.41
민경환,질리다,-1.71,-0.06
민경환,질색하다,-1.77,1.07
민경환,질투하다,-1.42,1.25
민경환,짜증내다,-1.94,0.88
민경환,짝사랑하다,0.28,0.41
민경환,찡하다,0.09,0.67
민경환,착잡하다,-1.17,-1.17
민경환,참담하다,-2.48,-0.74
민경환,창피하다,-1.46,0.2
민경환,처량하다,-1.49,-1.19
민경환,처연하다,-1.15,-0.94
민경환,처절하다,-2.11,0.35
민경환,처참하다,-2.36,0.5
민경환,체념하다,-1.53,-0.85
민경환,초조하다,-1.26,0.88
민경환,충족감,1.27,0.15
민경환,허탈하다,-1.33,-0.8
민경환,허허롭다,-0.93,-0.94
민경환,혐오하다,-2.2,1.57
민경환,호감,1.72,1.03
민경환,혼비백산하다,-1.68,1.98
민경환,홀가분하다,2.24,-0.74
민경환,화나다,-1.83,1.91
민경환,환멸,-2.29,1.62
민경환,환희,1.72,1.54
민경환,황공하다,0.25,0.57
민경환,황당하다,-0.7,0.92
민경환,황송하다,0.07,0.18
민경환,황홀하다,1.72,1.14
민경환,회개,-0.09,-0.42
민경환,회오,-0.37,0.1
민경환,회한,-1.51,0.41
민경환,후련하다,1.33,-0.39
민경환,후회하다,-1.55,0.06
민경환,흐뭇하다,1.48,-0.15
민경환,흠모하다,0.94,0.34
민경환,흡족하다,1.77,0.14
민경환,흥겹다,1.72,1.5
민경환,흥나다,1.5,2
민경환,흥미롭다,1.56,0.76
민경환,흥미진진하다,1.4,1.21
민경환,흥분,0.44,2.02
민경환,흥취,0.71,1.08
민경환,희,1.21,0.61
민경환,희비,-0.2,0.61
민경환,희열,1.32,1.44
민경환,희희낙락하다,0.71,0.8
고일주,가혹하다,-1.89,0.6
고일주,간절하다,0.48,0.66
고일주,감사하다,2.22,-0.51
고일주,갑갑하다,-1.71,-0.3
고일주,갑작스럽다,-0.54,0.42
고일주,강추,2.25,1.44
고일주,개떡같다,-2.28,0.9
고일주,개의치않다,-0.18,-0.57
고일주,거슬리다,-1.98,-0.15
고일주,거지같다,-2.1,0.66
고일주,경이롭다,1.92,0.99
고일주,고대하다,1.38,0.48
고일주,고통스럽다,-2.34,0.57
고일주,관심있다,1.92,0.24
고일주,괜찮다,1.44,-1.11
고일주,굉장한,1.05,1.17
고일주,구리다,-1.92,0.06
고일주,굿(good),2.25,0.6
고일주,귀엽다,2.25,0.24
고일주,그냥,-0.09,-0.42
고일주,그다지,-0.96,-0.72
고일주,그럭저럭,-0.18,-0.33
고일주,극심하다,-1.41,0.45
고일주,기대하다,1.65,0.81
고일주,기묘하다,-0.06,-0.27
고일주,기원하다,1.2,-0.54
고일주,깜놀,0.24,1.35
고일주,꺄악,0,1.89
고일주,꺄오,1.89,1.83
고일주,꺼져버려,-2.25,1.35
고일주,꽁기꽁기,-0.42,-0.06
고일주,꿀꿀하다,-1.41,-0.99
고일주,나이스,2.31,1.53
고일주,낭만적이다,1.77,-0.45
고일주,낯설다,-0.75,-0.18
고일주,냉혹하다,-1.65,-1.05
고일주,느끼다,0.48,0.51
고일주,ㄷㄷㄷ,-1.29,0.27
고일주,다행이다,1.65,-0.39
고일주,달달하다,1.74,0.45
고일주,당당하다,1.53,0.15
고일주,대단하다,1.89,0.3
고일주,대박,1.71,1.5
고일주,대성통곡,-1.47,1.2
고일주,더럽다(기분이),-2.25,0.72
고일주,덜덜,-0.54,0.63
고일주,덩실덩실,2.1,1.35
고일주,독하다,-1.35,0.06
고일주,두근두근,1.92,1.44
고일주,뒤숭숭하다,-1.47,-0.09
고일주,드라마틱하다,1.41,1.29
고일주,든든하다,2.19,-0.6
고일주,따뜻하다,2.43,-1.23
고일주,땡긴다,1.41,1.2
고일주,떨리다,0.48,1.41
고일주,뜨악,-0.99,0.93
고일주,룰루랄라,2.34,1.68
고일주,마음고생하다,-1.59,-0.6
고일주,망극하다,0.21,-0.3
고일주,망했다,-2.16,0.51
고일주,먹먹하다,-1.2,-0.93
고일주,멋지다,2.13,0.48
고일주,멘붕,-1.68,0.99
고일주,모욕감,-2.19,1.38
고일주,묘하다,0.18,-0.09
고일주,무시하다,-1.92,-0.33
고일주,무진장,0.63,1.08
고일주,뭉클,1.23,-0.03
고일주,뭥미,-1.05,0.09
고일주,미워하다,-1.92,0.39
고일주,미치겠다,-1.2,1.32
고일주,민감하다,-0.42,0.33
고일주,바보,-0.75,0
고일주,벅차다,-1.02,0.57
고일주,벌렁벌렁,0.15,1.38
고일주,별로다,-1.65,-0.63
고일주,보고싶다,1.62,-0.48
고일주,볼만하다,0.63,-0.15
고일주,부담스럽다,-1.98,-0.48
고일주,부드럽다,1.89,-1.02
고일주,불끈,0.57,1.23
고일주,브라보,2.13,1.8
고일주,비난하다,-1.98,0.63
고일주,빠샤,1.44,0.81
고일주,빡세다,-1.47,0.87
고일주,빨랑,-0.63,1.29
고일주,빵터지다,2.04,1.95
고일주,뻔뻔하다,-1.38,0.12
고일주,뿌잉,1.08,0.9
고일주,산뜻하다,2.34,0.18
고일주,살랑살랑,1.77,0.51
고일주,상처받다,-1.71,-0.39
고일주,생생하다,1.62,1.08
고일주,선선하다,1.44,-0.54
고일주,섬세하다,1.92,-1.41
고일주,세심하다,1.59,-1.59
고일주,섹시하다,1.38,1.47
고일주,소망하다,2.01,-0.72
고일주,소소한,0.6,-0.93
고일주,소심하다,-1.23,-0.93
고일주,소원하다,0.24,-0.3
고일주,소중하다,2.07,-1.08
고일주,솔직하다,1.8,-0.69
고일주,쇼킹,-0.72,1.32
고일주,수줍다,0.6,-0.36
고일주,순수하다,2.13,-0.96
고일주,스트레스,-2.01,0.99
고일주,시달리다,-1.95,0.48
고일주,시리다(가슴이),-1.5,-1.11
고일주,시샘하다,-1.71,0.75
고일주,시원하다,1.74,0.36
고일주,신기하다,1.53,0.75
고일주,신중하다,1.41,-1.59
고일주,싱그럽다,2.01,-0.21
고일주,싱싱하다,1.68,0.36
고일주,쌀쌀하다,-0.48,-0.27
고일주,썩을,-2.19,0.96
고일주,썰렁하다,-1.02,-0.69
고일주,쓰라리다,-1.32,0.06
고일주,아깝다,-0.66,0.15
고일주,아놔,-1.98,1.02
고일주,아름답다,2.31,0.24
고일주,아싸,2.25,2.07
고일주,아이쿠,-0.93,0.45
고일주,아잉,0.87,0.75
고일주,아자아자,2.25,0.93
고일주,아프다,-1.38,0
고일주,아하,1.8,0.99
고일주,악하다,-1.92,-0.06
고일주,앗,-0.66,1.23
고일주,야하다,-0.36,1.47
고일주,얏호,2.43,2.07
고일주,어머,0.33,0.93
고일주,어색하다,-0.87,-0.63
고일주,어이쿠,-0.57,0.81
고일주,어지럽다,-1.14,-0.15
고일주,엄청,0.96,0.93
고일주,에구,-0.99,-0.33
고일주,여유있다,2.04,-1.5
고일주,연약하다,-0.27,-0.75
고일주,열망하다,1.26,1.11
고일주,열받다,-2.01,1.8
고일주,예쁘다,2.22,0.57
고일주,오글거리다,-0.81,0.33
고일주,오마이갓,-0.63,1.44
고일주,오싹하다,-1.35,0.93
고일주,오예,2.13,1.74
고일주,오올,1.59,0.57
고일주,오잉,0.06,0.24
고일주,와따요,0.99,1.05
고일주,완연하다,0.87,-0.66
고일주,왕창,0.51,1.23
고일주,용서하다,1.68,-1.47
고일주,우엑,-1.95,1.14
고일주,욱하다,-1.86,1.83
고일주,울컥하다,-1.41,0.63
고일주,웃기다,1.74,0.75
고일주,원하다,1.53,0.33
고일주,위협하다,-2.19,1.26
고일주,유혹하다,-0.36,1.17
고일주,으슬으슬,-0.93,-0.33
고일주,으쌰으쌰,2.04,0.87
고일주,으어,-0.54,0.6
고일주,으하하,1.68,1.41
고일주,으헝헝,-1.29,0.42
고일주,은혜롭다,2.19,-0.93
고일주,음...,-0.57,-0.66
고일주,이끌리다,1.68,0.66
고일주,이씨,-1.38,1.26
고일주,인상적이다,1.83,0.12
고일주,잇힝,1.17,0.54
고일주,잉잉,-0.6,0.27
고일주,자유롭다,1.83,-0.3
고일주,자존심,0.45,0.12
고일주,잔인하다,-2.49,0.42
고일주,잔잔하다,0.9,-1.29
고일주,저질이다,-2.13,0.72
고일주,전율,1.11,1.59
고일주,절묘하다,1.44,0.48
고일주,절실하다,-0.33,0.42
고일주,제발,-0.69,0.63
고일주,젠장,-1.89,1.14
고일주,조심하다,0.18,-1.14
고일주,존경하다,2.34,-1.35
고일주,죽겠다,-1.71,0.48
고일주,죽인다,-1.56,1.26
고일주,중대하다,0.6,-0.12
고일주,지못미,-0.9,-0.24
고일주,지저분하다,-1.77,-0.33
고일주,지치다,-1.74,-1.02
고일주,지혜롭다,2.37,-1.47
고일주,진솔하다,1.95,-1.32
고일주,진실되다,1.92,-0.99
고일주,진심,1.8,-0.78
고일주,질질,-1.56,-0.09
고일주,짠하다,-0.03,0
고일주,짱,2.31,2.04
고일주,짱나다,-1.95,1.29
고일주,쩔다,0.15,1.35
고일주,쪽팔리다,-1.77,1.08
고일주,쯧,-1.77,-0.36
고일주,차분하다,1.2,-1.95
고일주,찬양하다,0.9,0.96
고일주,참다,-0.12,-0.87
고일주,처지다,-1.56,-0.63
고일주,촉촉하다,1.35,-0.36
고일주,최고,2.25,0.6
고일주,최악,-2.4,0.24
고일주,축하하다,2.13,0.96
고일주,충격받다,-1.29,1.29
고일주,췟,-1.23,0.63
고일주,취하다,-0.6,0.81
고일주,치열하다,-0.33,1.74
고일주,친근하다,2.1,-0.51
고일주,친절,2.4,-1.08
고일주,ㅋㅋ,1.44,0.84
고일주,쾌락,0.6,1.47
고일주,쿨하다,1.62,-0.54
고일주,킁킁,-0.21,0.03
고일주,토나온다,-2.58,1.68
고일주,팍팍,0,0.6
고일주,패닉,-2.31,0.66
고일주,포근하다,2.22,-1.35
고일주,풋,0,0.06
고일주,풍성하다,2.19,-0.09
고일주,피곤하다,-1.23,-0.96
고일주,피식피식,-0.03,0.12
고일주,ㅎㅎ,1.2,0.3
고일주,하찮다,-1.89,-0.03
고일주,한심하다,-2.28,-0.21
고일주,해맑다,2.13,0.33
고일주,향기롭다,2.31,-0.03
고일주,허겁지겁,-0.99,1.35
고일주,헉,-0.78,1.26
고일주,헐,-0.69,0.15
고일주,호구,-1.83,0.24
고일주,혼란스럽다,-1.59,0.54
고일주,화끈하다,1.14,1.62
고일주,화들짝,-0.21,1.29
고일주,화사하다,1.8,0.66
고일주,화이팅,2.25,1.08
고일주,확신하다,1.83,-0.12
고일주,환상적이다,2.1,1.29
고일주,활발하다,1.92,0.63
고일주,후다닥,0.21,0.9
고일주,후덜덜,-1.08,0.45
고일주,후딱,0.27,0.9
고일주,후훗,1.2,0.21
고일주,훌쩍,-0.96,0.39
고일주,휴,-0.27,-0.45
고일주,흐드러지다,0.3,0.15
고일주,흐미,-1.05,0.06
고일주,흐흐,0.54,0.27
고일주,흥,-0.81,0.27
고일주,희망하다,1.95,-0.24
고일주,힘겹다,-1.65,-0.54
고일주,힘내다,2.31,-0.3
고일주,힘들다,-1.47,-0.27
고일주,힘없다,-1.98,-1.59
고일주,힘차다,2.04,0.45
고일주,힛,1.65,0.45
고일주,이모티콘(놀람),0.75,0.51
고일주,이모티콘(부끄러움),2.25,0.33
고일주,이모티콘(슬픔),-1.44,-0.06
고일주,이모티콘(어색한 웃음),-0.18,-0.3
고일주,이모티콘(웃음),1.65,0.12
고일주,이모티콘(찡그림),-1.35,-0.36
이윤형,가구,0.1275,-0.8625
이윤형,공허,-1.5675,0.6525
이윤형,가난,0.1875,-0.8475
이윤형,과부,-1.905,1.1175
이윤형,가로,1.575,-0.855
이윤형,관광,1.1775,0.345
이윤형,가책,0.045,-0.615
이윤형,괄호,1.905,0.7425
이윤형,가치,1.74,0.0225
이윤형,괴성,1.8525,-0.0675
이윤형,간식,2.22,-1.23
이윤형,괴한,-2.0175,0.7425
이윤형,간판,1.755,1.05
이윤형,교감,1.0875,-0.405
이윤형,감격,-2.25,1.1625
이윤형,교도소,1.515,-0.87
이윤형,감동,-1.6875,0.7275
이윤형,구더기,0.3375,-0.6825
이윤형,감명,-1.23,0.4725
이윤형,구슬,1.56,-1.4025
이윤형,감사,0.225,-0.84
이윤형,구원,0.765,-0.6525
이윤형,감옥,0.0075,-0.255
이윤형,구조물,1.8825,0.2025
이윤형,감탄,-2.3025,1.29
이윤형,구토,1.7775,0.825
이윤형,감흥,0.975,0.5475
이윤형,굶주림,0.075,-0.72
이윤형,강도,0.105,-0.585
이윤형,권총,-0.51,-0.54
이윤형,거룩,-1.2525,-0.6825
이윤형,그늘,-1.6575,0.18
이윤형,거부감,0.045,0.8025
이윤형,그릇,-0.315,-0.5025
이윤형,거울,-2.1075,1.53
이윤형,그리움,-0.7875,0.5475
이윤형,걱정,-1.035,-0.45
이윤형,글자,-1.935,1.3725
이윤형,건강,-1.845,0.36
이윤형,긍정,1.695,-1.44
이윤형,건물,-0.75,1.8675
이윤형,긍지,1.65,-1.6725
이윤형,건전지,0.6,-0.495
이윤형,기대감,-1.62,1.6425
이윤형,게시판,-1.4025,-0.69
이윤형,기류,-1.155,-0.24
이윤형,격려,1.0425,0.21
이윤형,기쁨,-0.0375,-0.735
이윤형,경멸,-1.935,0.9825
이윤형,기상,-2.4225,1.2675
이윤형,경이,1.755,-1.0725
이윤형,기적,-1.7625,1.425
이윤형,경탄,-2.325,1.23
이윤형,기호,0.1575,-0.6825
이윤형,계산기,1.6275,-1.0575
이윤형,긴장,0.0525,-0.705
이윤형,계산대,-2.145,0.945
이윤형,깡패,-1.59,0.735
이윤형,고뇌,-1.62,1.845
이윤형,깨달음,0.645,-1.11
이윤형,고독,0.3075,-0.8625
이윤형,낙관론,-0.315,-0.4875
이윤형,고름,0.2175,-1.065
이윤형,낙원,2.1525,-0.6675
이윤형,고무,1.395,-0.135
이윤형,낙천,1.0425,0.7575
이윤형,고무신,-0.2325,-0.6825
이윤형,낚싯대,2.43,0.615
이윤형,고문,0.27,-0.1725
이윤형,남방,2.04,0.75
이윤형,고생,0.2475,-0.6
이윤형,납치,-0.675,1.47
이윤형,고아원,-1.8225,1.8
이윤형,낭만,1.7325,-0.81
이윤형,고통,1.1025,-0.7425
이윤형,냄비,2.1675,-1.6125
이윤형,곰팡이,1.2225,-0.885
이윤형,냉장고,0.03,-0.8475
이윤형,공감,0.825,-0.99
이윤형,노래,-2.4975,1.2975
이윤형,공격,1.8,-0.63
이윤형,노예,-0.195,0.3
이윤형,공기,0.3225,-0.0825
이윤형,놀림,1.74,-0.5925
이윤형,공상,-2.2875,0.5925
이윤형,누명,-1.7475,1.56
이윤형,공포,-2.4,1.485
이윤형,눈물,-0.6075,0.1425
이윤형,단백질,0.495,-0.51
이윤형,박진감,-0.1125,-0.63
이윤형,단상,0.1425,-0.8025
이윤형,반색,-1.3125,0.345
이윤형,단추,1.6125,0.5625
이윤형,반역자,-0.54,-0.3525
이윤형,달동네,2.355,1.65
이윤형,밥그릇,1.8075,-1.08
이윤형,달성,1.6575,0.5175
이윤형,밥솥,0.42,-0.465
이윤형,대기,-2.235,0.975
이윤형,방석,1.08,-0.945
이윤형,대성공,1.6575,-1.4175
이윤형,방학,-1.575,0.6
이윤형,대자연,0.0975,-0.75
이윤형,배신감,-2.4225,1.0875
이윤형,데이트,0.3525,-1.2
이윤형,버튼,0.4875,-1.005
이윤형,도구,1.275,-0.9525
이윤형,벚꽃,0.345,-1.0875
이윤형,도둑놈,1.0575,1.2225
이윤형,벨트,0.495,-0.195
이윤형,도시락,0.48,-1.4025
이윤형,벽시계,0.465,-0.915
이윤형,도움,1.9425,-1.2225
이윤형,벽지,0.7125,-0.2025
이윤형,도청,0.36,-0.2325
이윤형,별빛,1.875,0.21
이윤형,도형,1.485,0.96
이윤형,병균,0.3075,-0.915
이윤형,독약,-0.8625,1.395
이윤형,보람,0.525,-0.6525
이윤형,돌계단,2.13,-1.65
이윤형,보배,-2.2875,1.1625
이윤형,돗자리,0.3825,-0.615
이윤형,보석,-2.205,0.96
이윤형,동경,-2.0025,-0.6975
이윤형,보자기,-2.0175,-0.75
이윤형,등받이,1.2675,-0.945
이윤형,복사기,0.105,-0.96
이윤형,마법,0.48,-0.8175
이윤형,복수,-1.02,0.81
이윤형,마우스,1.875,-1.815
이윤형,복종,0.09,-1.3125
이윤형,마침표,0.165,-0.915
이윤형,볼펜,0.135,-0.7875
이윤형,만년필,1.4475,0.4725
이윤형,부랑자,0.3,1.425
이윤형,만족,-2.1825,1.815
이윤형,분노,0.285,-0.6975
이윤형,만화,0.5775,-0.825
이윤형,불만,0.3675,-1.4625
이윤형,망원경,1.4175,0.435
이윤형,불안,-2.2425,1.425
이윤형,매력,0.12,-0.5775
이윤형,불쾌감,1.41,-0.96
이윤형,매혹,0.0675,-0.5475
이윤형,불편,0.3,-1.335
이윤형,맷돌,0.3375,-1.05
이윤형,불행,1.8675,-1.4025
이윤형,맹수,-2.1525,0.7275
이윤형,비극,1.7025,-1.0575
이윤형,명암,1.785,-0.9225
이윤형,비난,1.2975,-0.435
이윤형,모성애,0.255,-0.8175
이윤형,비누,0.465,-0.075
이윤형,모욕,-1.6125,1.485
이윤형,비린내,-1.6725,0.3225
이윤형,모자,0.1125,-0.7425
이윤형,비웃음,-1.515,0.4425
이윤형,몰락,-1.62,1.2075
이윤형,빈민,-1.59,1.47
이윤형,무관심,-1.5975,1.11
이윤형,빌딩,-1.965,1.0425
이윤형,무력감,-1.665,1.1025
이윤형,빗자루,-1.77,0.8475
이윤형,무지개,-2.2125,0.87
이윤형,뽀뽀,-1.83,1.0425
이윤형,문헌,0.3525,-0.8625
이윤형,사각형,-1.8375,0.5325
이윤형,물통,-2.0925,1.155
이윤형,사기꾼,-1.8375,0.345
이윤형,민망,0.0225,-0.495
이윤형,사랑,0.435,-0.7575
이윤형,믿음,1.7175,0.435
이윤형,사전,-0.12,-0.8025
이윤형,바둑,-2.22,1.5375
이윤형,사진기,2.3775,-0.345
이윤형,바위,0.1575,-0.8925
이윤형,사형,1.035,-0.8625
이윤형,박스,-1.635,0.7575
이윤형,살인,-2.7825,1.53
이윤형,삼각형,-0.1725,-0.5475
이윤형,식칼,-0.0525,-0.4575
이윤형,상가,-1.8375,-0.1725
이윤형,식탁,-0.21,-0.57
이윤형,상실감,-1.6125,0.765
이윤형,신경질,2.2575,-0.5625
이윤형,상자,1.4325,-1.035
이윤형,신뢰,1.485,-0.5775
이윤형,상처,1.575,1.275
이윤형,신명,2.13,-0.9525
이윤형,상쾌,0.525,-0.9525
이윤형,신문,1.86,-0.39
이윤형,새싹,0.1725,-1.365
이윤형,신문지,0.3975,-0.915
이윤형,생기,0.4425,0.015
이윤형,신바람,-0.2775,-0.6
이윤형,생동감,-0.0225,-1.41
이윤형,신세계,1.6725,0.225
이윤형,생명력,0.0525,-0.7425
이윤형,실망,1.515,-0.69
이윤형,생산품,1.8825,0.315
이윤형,실업자,2.025,-0.4125
이윤형,생일날,1.995,-0.495
이윤형,실패,-0.24,-0.6975
이윤형,서예,-0.0075,0.3075
이윤형,아기,-2.115,-0.3975
이윤형,서재,0.135,-0.5625
이윤형,아픔,-2.0025,1.35
이윤형,서커스,-1.65,0.6975
이윤형,악보,0.0225,-0.66
이윤형,석고,1.5975,-0.9525
이윤형,악취,0.54,-1.2225
이윤형,석탑,0.75,-1.4175
이윤형,안경,1.9275,-0.81
이윤형,선물,1.6425,-1.4175
이윤형,안도,0.2925,-0.735
이윤형,선반,0.4725,-0.975
이윤형,안락,0.33,-0.1725
이윤형,선호,0.2475,-0.7575
이윤형,안심,1.9125,1.3725
이윤형,성공,1.6725,-0.2925
이윤형,안정,0.465,-0.8475
이윤형,성취,-2.0175,0.885
이윤형,안테나,-2.19,0.9375
이윤형,성취감,-2.1075,1.1325
이윤형,암살,-1.65,0.6825
이윤형,세무서,-1.425,1.68
이윤형,암석,0.36,-0.6975
이윤형,세탁기,-2.055,1.365
이윤형,압수,1.9125,-1.4625
이윤형,소외감,0.7875,0.0375
이윤형,애인,0.5175,-0.7875
이윤형,소품,0.1875,-0.795
이윤형,애정,1.275,0.525
이윤형,속임수,1.35,0.0675
이윤형,애착,-1.725,-0.0375
이윤형,수갑,-1.785,0.6825
이윤형,액자,-1.68,1.2525
이윤형,수레,1.95,-1.185
이윤형,야산,-1.455,0.765
이윤형,수익금,0.615,-0.975
이윤형,약재,-2.2125,0.8775
이윤형,수저,-0.825,-1.2825
이윤형,억압,1.695,-1.9725
이윤형,수평선,1.8075,-2.025
이윤형,언덕,1.5975,-2.0325
이윤형,순이익,1.6725,-2.655
이윤형,업적,0.48,0.0975
이윤형,순정,-2.5125,1.2225
이윤형,에이즈,-0.0375,-0.705
이윤형,스위치,-1.7625,1.005
이윤형,엔진,1.8075,0.2625
이윤형,스탠드,1.9575,-0.6825
이윤형,여유,1.095,-0.3975
이윤형,스피커,0.33,-0.915
이윤형,여행,-0.645,0.15
이윤형,슬리퍼,0.1425,-0.9225
이윤형,연정,-2.025,0.7875
이윤형,승리,-0.63,-0.6075
이윤형,열등감,1.5675,0.2175
이윤형,승진,-1.995,0.6825
이윤형,열성,0.375,0.375
이윤형,시계,1.785,-1.9725
이윤형,열쇠,1.995,0.825
이윤형,시비,0.5475,-0.3
이윤형,열정,-1.62,1.0875
이윤형,시체,1.2225,0.8625
이윤형,영광,0.555,-0.75
이윤형,식량난,1.7325,1.17
이윤형,영수증,1.5825,0.585
이윤형,식민지,-0.0675,-0.525
이윤형,오락,1.245,0.015
이윤형,오른발,0.255,-0.63
이윤형,장화,1.995,-1.9875
이윤형,온정,-2.1675,1.485
이윤형,재능,0.6825,-1.2675
이윤형,올가미,0.39,-0.9225
이윤형,재봉틀,-1.1925,-0.405
이윤형,올리브,0.8475,-1.1325
이윤형,재앙,0.09,-0.5775
이윤형,옷감,-1.7925,1.5075
이윤형,저울,0.2025,-0.645
이윤형,외로움,0.075,-0.975
이윤형,적개심,1.9875,1.6125
이윤형,외투,-2.1075,-0.2325
이윤형,전구,0.1425,-0.705
이윤형,왼발,2.2725,-1.1925
이윤형,전기,0.54,-0.765
이윤형,욕설,0.705,-0.9825
이윤형,전기,-0.3075,0.315
이윤형,용품,2.1825,-0.375
이윤형,전등,0.0675,-0.735
이윤형,우산,-2.04,1.365
이윤형,전력,-0.1875,0.015
이윤형,우승,-1.8,1.5975
이윤형,전류,-1.9425,0.7725
이윤형,우울,-1.5225,1.32
이윤형,전봇대,1.35,-1.2225
이윤형,우유,-1.1475,-0.345
이윤형,전선,-1.695,0.48
이윤형,우정,-1.455,0.1275
이윤형,전쟁,-1.995,1.4175
이윤형,우편,-1.3125,0.69
이윤형,전투,-1.815,0.9225
이윤형,우표,0.5325,-0.6375
이윤형,전화선,-1.8075,1.275
이윤형,울음,1.185,-0.375
이윤형,절단,0.3375,-0.615
이윤형,웃음,-1.7775,0.4875
이윤형,절망,1.8525,-1.2375
이윤형,원고지,-0.15,-0.855
이윤형,정감,1.5525,-0.7875
이윤형,원망,-2.61,1.1025
이윤형,정열,2.115,-0.8625
이윤형,원서,0.3825,-0.5775
이윤형,제품,0.3375,-0.6975
이윤형,원한,-2.16,0.1125
이윤형,조끼,-1.0275,-0.15
이윤형,위선자,0.03,-0.765
이윤형,조롱,1.605,-0.27
이윤형,위험,0.0525,-0.39
이윤형,조화,-2.25,1.0875
이윤형,유대감,0.195,-1.1325
이윤형,존경,-1.6725,1.29
이윤형,유서,0.42,-0.6975
이윤형,종이컵,0.6075,-0.7125
이윤형,유족,0.4125,-0.5325
이윤형,좌절감,0.315,-0.45
이윤형,유해,0.4125,0.0375
이윤형,죄책감,-0.15,0.2475
이윤형,음모,0.3,-0.825
이윤형,주전자,-0.0825,-0.5025
이윤형,의심,-2.07,1.8225
이윤형,죽음,-0.9675,1.0425
이윤형,이별,0.51,-0.72
이윤형,중력,-1.8225,1.32
이윤형,이어폰,-2.1675,0.9075
이윤형,즐거움,1.875,-1.2075
이윤형,이혼,1.725,0.1725
이윤형,증기,0.2775,-0.6975
이윤형,인격,0.21,-0.915
이윤형,증오,-2.37,1.8525
이윤형,입구,0.9,-1.35
이윤형,지렁이,2.0475,-1.395
이윤형,자괴감,0.3225,-0.525
이윤형,지문,-2.1,0.435
이윤형,자긍심,-1.455,0.8475
이윤형,진리,0.15,-0.7275
이윤형,자물쇠,-1.98,0.0975
이윤형,질투,0.4275,-1.005
이윤형,자부심,2.0475,0.66
이윤형,징역,-0.0525,-0.9525
이윤형,자살,-2.46,1.59
이윤형,착취,-1.2225,-0.075
이윤형,자유,-0.255,-1.02
이윤형,찬양,1.7325,-1.0725
이윤형,자판기,-1.41,1.665
이윤형,찻잔,-1.935,1.515
이윤형,장독대,-2.22,0.96
이윤형,창조,0.945,-0.735
이윤형,장례식,0.21,-1.1925
이윤형,창피,1.3275,0.435
이윤형,장애,-1.6875,0.9
이윤형,창호지,0.075,-0.9375
이윤형,채소,0.435,-0.78
이윤형,폭소,0.195,-0.7425
이윤형,책가방,0.4125,-0.9
이윤형,폭탄,0.555,-0.93
이윤형,책상,0.315,-0.945
이윤형,표지,1.6575,1.2
이윤형,책장,-1.0875,0.9225
이윤형,풍요,1.95,-1.2975
이윤형,책장,1.875,-0.1875
이윤형,프린트,1.4475,0.945
이윤형,챔피언,-1.2075,0.2325
이윤형,피난민,0.405,0.405
이윤형,처벌,-1.8,-0.1725
이윤형,피해,-1.4325,0.8175
이윤형,천국,-1.8525,1.9725
이윤형,학대,2.04,-0.1125
이윤형,천사,2.0475,-0.315
이윤형,학용품,-1.8825,1.8525
이윤형,천재성,0.6675,-0.765
이윤형,한숨,2.085,-1.62
이윤형,철조망,2.16,-1.32
이윤형,해결,1.77,-1.26
이윤형,청바지,0.0075,-0.6225
이윤형,해골,-0.72,-1.155
이윤형,체념,-2.0775,-0.3375
이윤형,해부,2.0625,0.6675
이윤형,체포,-1.7325,1.8
이윤형,해탈,0.4125,-0.87
이윤형,총소리,1.485,0.9825
이윤형,햇살,1.8675,1.59
이윤형,축복,-0.03,-0.8175
이윤형,행운,-1.2825,1.2075
이윤형,축하,-2.1375,2.2575
이윤형,허무,0.66,-1.3425
이윤형,출혈,1.53,0.675
이윤형,현수막,-1.95,1.2375
이윤형,치약,-1.6575,0.825
이윤형,혐오감,0.54,-1.215
이윤형,치유,1.995,-1.9125
이윤형,협박,2.145,-1.86
이윤형,친구,-1.365,0.5025
이윤형,형광등,0.1875,0.0975
이윤형,친절,-2.07,1.68
이윤형,호감,1.6575,0.39
이윤형,칠판,-1.38,1.3125
이윤형,호강,0.12,-0.72
이윤형,침묵,1.635,-1.02
이윤형,호평,0.3375,-0.75
이윤형,침울,-1.545,0.4275
이윤형,화장실,-1.755,0.9075
이윤형,칭찬,-2.475,1.2525
이윤형,화합,0.57,-0.8475
이윤형,칼날,-1.275,-0.585
이윤형,화해,1.5,-0.975
이윤형,코트,-1.4175,0.5475
이윤형,환상,-1.065,0.66
이윤형,쾌감,0.4725,-0.945
이윤형,환상적,1.6125,-1.5825
이윤형,쾌거,2.055,-0.8775
이윤형,환영,-1.3575,-0.0375
이윤형,탁자,-0.09,-0.555
이윤형,환희,-2.28,1.365
이윤형,탈주,-1.935,1.47
이윤형,활동력,0.2175,-0.57
이윤형,테러,1.845,-0.3825
이윤형,활력소,1.89,-1.2525
이윤형,통나무,1.7925,-0.8625
이윤형,활약,-0.6075,-0.405
이윤형,특별,1.8375,-1.695
이윤형,황홀,1.41,-1.38
이윤형,파괴,0.5475,0.5625
이윤형,후회,1.83,0.6375
이윤형,패배,1.5375,-0.045
이윤형,휴식,1.8,0.8925
이윤형,평상복,1.635,1.2225
이윤형,흉터,1.815,0.3525
이윤형,평온,1.3425,0.855
이윤형,흐느낌,1.8675,0.93
이윤형,평화,-1.5525,0.1725
이윤형,흥분,2.1,-2.2425
이윤형,포로,-1.8375,0.9975
이윤형,희롱,-1.4325,0.4125
이윤형,포크,0.24,2.55
이윤형,희망,-2.3325,1.1775
이윤형,폭력,1.71,0.2475
이윤형,희열,1.4925,1.2
김청택,짜릿하다,2,1.6875
김청택,침울하다,-2.0625,-0.8125
김청택,만년필,0.6875,-0.375
김청택,생기,2.4375,1.75
김청택,격파,0.8125,1.6875
김청택,석박사,0.875,0.0625
김청택,바퀴벌레,-2.6875,1.375
김청택,식물성,1.0625,-0.6875
김청택,고화질,1.875,0.6875
김청택,빈자리,0.25,-0.4375
김청택,희박하다,-0.875,0.25
김청택,운동화,1.375,-0.0625
김청택,은메달리스트,1.25,0.875
김청택,훌륭하다,2.375,0.8125
김청택,깔끔하다,2.0625,-1.0625
김청택,서러움,-1.9375,-0.1875
김청택,패러글라이딩,1.1875,2.25
김청택,차단기,0,-0.4375
김청택,종이접기,0.625,-1.1875
김청택,내외빈,0.125,-0.8125
김청택,체납액,-2.4375,1.375
김청택,아이디어,2,1.6875
김청택,지우개,0.125,-0.5
김청택,피범벅,-2.625,1.6875
김청택,쓰나미,-2.0625,1.25
김청택,저조도,-0.3125,-1.125
김청택,최루탄,-2.4375,1.125
김청택,면역력,1.1875,0.0625
김청택,텔레마케팅,-0.875,0.125
김청택,다리미,1,-0.375
김청택,무설탕,0.125,-0.75
김청택,담벼락,0.125,-0.5625
김청택,스폰서십,1.375,0.5625
김청택,미개발,-0.875,0
김청택,공포감,-2.5625,1.75
김청택,무심히,-0.25,-1.8125
김청택,평가전,0.5,1
김청택,신속히,1.25,1.8125
김청택,디스카운트,0.8125,1
김청택,대형견,1.875,-0.125
김청택,잔여물,-1.9375,0.25
김청택,대히트,1.75,1.8125
김청택,엇박자,0.0625,1
김청택,상용화,0.5625,-0.875
김청택,미실시,-1.3125,-0.75
김청택,부교수,-0.25,0.0625
김청택,스타킹,0.5,0.3125
김청택,도제식,-1.125,0.5625
김청택,개방감,2.125,-0.75
김청택,떨어지다,-1.375,0.75
김청택,불량품,-1.875,0.25
김청택,프린터,0.125,-0.625
김청택,연하장,1.875,-0.3125
김청택,가을바람,1.9375,-1.3125
김청택,창의력,1.875,1.5
김청택,고독감,-0.9375,-0.5
김청택,바이아웃,0.875,0.75
김청택,무효화,-0.75,-0.0625
김청택,꿈꾸다,1.1875,-0.3125
김청택,방관자,-1.5625,-1.0625
김청택,유행병,-2.1875,1.1875
김청택,물리학,0.1875,-0.25
김청택,저주파,-0.125,0.125
김청택,변사체,-2.125,1.4375
김청택,대중문화,1.125,0.875
김청택,대역전승,1.875,2
김청택,승리자,1.875,1.5
김청택,폭로전,-2.3125,1.25
김청택,싸구려,-1.6875,-0.25
김청택,거짓말쟁이,-2.5,1.1875
김청택,턱걸이,0.5625,1.5625
김청택,일광욕,1.3125,-1.125
김청택,강대국,1.25,0.4375
김청택,교육권,1.75,-0.625
김청택,보디빌더,1.375,1.625
김청택,저조하다,-1.8125,-0.875
김청택,도박판,-1.6875,1.1875
김청택,온실가스,-1.5625,0.5
김청택,위법하다,-1.6875,0.5
김청택,지느러미,0.25,0.375
김청택,달팽이관,-0.125,-0.625
김청택,인종주의,-2.4375,1.125
김청택,논쟁거리,-1,1.375
김청택,크리스마스이브,2.25,0.625
김청택,제초제,-0.125,-0.25
김청택,외양간,-0.1875,-0.625
김청택,크래커,0.625,-0.8125
김청택,항우울제,-1,-0.5
김청택,노폐물,-1.75,-0.625
김청택,은둔형,-1.0625,-1.9375
김청택,카니발,1.375,1.25
김청택,플래카드,1.1875,0.375
김청택,신앙심,0.125,-1.3125
김청택,짝사랑,-0.125,1.25
김청택,순발력,1.4375,1.8125
김청택,미봉책,-0.6875,0.5625
김청택,리코더,1.0625,-0.4375
김청택,방독면,-0.6875,0.1875
김청택,핵폐기물,-2.5,0.875
김청택,첨단화,0.875,0.8125
김청택,최고점,1.625,1.5625
김청택,빠르다,1,1
김청택,공백기,-0.25,-0.8125
김청택,독창성,1.125,1.125
김청택,수호신,1.875,-0.1875
김청택,카지노,-0.1875,1.4375
김청택,트랜스젠더,-1.125,-0.25
김청택,맞상대,0.5625,0.5625
김청택,민주주의,0.625,-0.375
김청택,건축과,1,0.0625
김청택,대피소,0.5625,-0.875
김청택,시작하다,1.0625,0.9375
김청택,페미니스트,-1.4375,0.5625
김청택,오피스텔,0.5625,-1.125
김청택,세심히,1.25,0.4375
김청택,뛰어나다,2.0625,1.4375
김청택,보행권,1.4375,-1
김청택,호르몬,0.375,0.25
김청택,가을날,2.0625,-0.375
김청택,미충족,-1.1875,-0.0625
김청택,체지방량,-0.875,0.0625
김청택,토네이도,-1.5,1.4375
김청택,수축감,-0.5,0.375
김청택,멋쟁이,1.8125,1.125
김청택,몰입력,1.75,0.875
김청택,입맞춤,1.9375,0.75
김청택,나누다,0.8125,0.3125
김청택,암세포,-2.1875,1
김청택,초고령,-0.4375,-0.9375
김청택,부적격,-1.75,0.5625
김청택,응집력,1,0.4375
김청택,범죄자,-2.8125,1.0625
김청택,하수구,-1.75,0.3125
김청택,활약하다,2.375,2
김청택,인터넷,0.8125,0.125
김청택,내재화,1,-0.75
김청택,가속화,0.5625,1.875
김청택,멋있다,2.375,0.4375
김청택,힘없이,-1.625,-0.75
김청택,주도성,0.9375,1.25
김청택,상업성,0.4375,0.25
김청택,사투리,0.875,0.3125
김청택,행복감,2.5,-0.875
김청택,성추행,-2.875,1.9375
김청택,주춧돌,1.0625,-1.625
김청택,막연히,-1.5625,0.5625
김청택,코미디,2.0625,1.3125
김청택,사용료,0.0625,0
김청택,신기록,2.25,1.8125
김청택,바꾸다,0.4375,0.9375
김청택,단기전,-0.1875,2
김청택,감가상각,-0.375,0.125
김청택,황무지,-1.1875,-0.1875
김청택,오로지,0.6875,-0.6875
김청택,구직난,-2.3125,1.625
김청택,기념사진,2.1875,-0.25
김청택,낭떠러지,-1.1875,1.8125
김청택,정사각형,0.8125,-0.375
김청택,무의미,-0.75,-0.5625
김청택,스프레이,0.3125,0
김청택,유용성,1.375,-0.5
김청택,게으름,-1.3125,-0.4375
김청택,깔끔이,1.6875,-0.75
김청택,견인차,-0.25,0
김청택,실험군,-0.3125,0.3125
김청택,상해죄,-2.625,1.4375
김청택,생중계,0.75,1.6875
김청택,미착용,-1.5625,0.6875
김청택,아스팔트,0.0625,-0.625
김청택,앙코르,1.875,1.75
김청택,와글와글,-1,1.6875
김청택,진료비,-0.5,-0.0625
김청택,완두콩,0.875,-0.4375
김청택,몰래카메라,-2.5,1.5
김청택,확진자,-1.375,0.875
김청택,이기주의,-2.375,0.5
김청택,위기론,-1.875,1.5625
김청택,빈곤율,-1.9375,0.5
김청택,개척자,1.8125,1.8125
김청택,중압감,-2.1875,1.625
김청택,미혼자,0.3125,0.375
김청택,공격수,0.5,1.4375
김청택,표현력,0.8125,0.625
김청택,숨김없이,1.125,-0.5625
김청택,협동심,2.125,0.75
김청택,반대론자,-1,1.25
김청택,고평가,0.1875,0.625
김청택,기부금,1.75,-0.625
김청택,잔혹성,-2.4375,1.75
김청택,좋아하다,2.4375,0.375
김청택,비자금,-1.375,0.8125
김청택,속도위반,-1.9375,2.0625
김청택,박탈감,-2.4375,0.8125
김청택,싱크로율,1.3125,-1.0625
김청택,장려금,1.5625,0.0625
김청택,모호하다,-1.25,0.375
김청택,자본금,0.875,0.25
김청택,판매상,0.125,0.8125
김청택,갑작스레,-1.3125,2
김청택,세기말,-1.6875,1
김청택,효율화,2.125,0.875
김청택,비흡연,2,-1.25
김청택,완강기,0.5,0.375
김청택,정확성,1.5,-0.4375
김청택,로맨스,1.9375,1
김청택,극대화,0.4375,1.625
김청택,참신성,2.25,1.5625
김청택,대행인,-0.0625,0.3125
김청택,보고서,0,-0.375
김청택,피로감,-2.125,-0.6875
김청택,불완전,-1.5625,0.625
김청택,멜로디,1.8125,-0.125
김청택,떼죽음,-2.5625,1.6875
김청택,스피드,0.8125,1.75
김청택,휴관일,-0.125,-0.75
김청택,대견하다,1.9375,-0.5
김청택,다양화,1.375,1.0625
김청택,포장지,1.0625,-0.25
김청택,대만족,2.6875,0.0625
김청택,미실현,-0.875,0
김청택,쿠데타,-2.375,2.0625
김청택,교통사고,-2.5625,2.125
김청택,황금기,2.5625,0.875
김청택,은퇴자,0.3125,-1.125
김청택,두개골,-0.125,-0.4375
김청택,약하다,-1.3125,-0.125
김청택,보랏빛,0.625,-0.5625
김청택,법정주의,0.4375,-0.6875
김청택,포용력,2.25,-1.375
김청택,관계없다,0.125,-0.5
김청택,라이벌,-0.125,1.625
김청택,클라우드,1.0625,-0.75
김청택,경고장,-1.9375,1.1875
김청택,엑스포,0.875,0.625
김청택,공놀이,1.3125,1.4375
김청택,무관세,0.375,-0.0625
김청택,내리막,-0.75,1
김청택,배당률,0.5625,-0.1875
김청택,기술력,1.6875,0.25
김청택,직사광선,0.4375,0.0625
김청택,피투성이,-2.5,1.875
김청택,자신감,2,1.5625
김청택,저염식,0.5,-1.25
김청택,언어유희,1,0.6875
김청택,무관하다,-0.1875,-0.1875
김청택,딜레마,-2.1875,1.0625
김청택,공저자,0,-0.125
김청택,미술학과,1,0
김청택,미포함,-0.375,0.125
김청택,대형화,0.75,0.75
김청택,점안액,0.5625,-0.0625
김청택,최우수,2.3125,0.5
김청택,채권자,-0.5,0.6875
김청택,뇌물죄,-2.3125,0.875
김청택,차단제,-0.5,-0.5
김청택,올빼미,0.1875,0.3125
김청택,자존감,1.6875,-0.4375
